index,predicted,actual,correct,confidence
4,3,3,True,0.0003001121851377575
8,4,2,False,0.003905884997588316
9,3,3,True,0.0002968208434998565
13,4,4,True,0.0038625458134935453
15,3,2,False,0.0002932901683299072
17,5,5,True,0.010430635514896536
18,2,3,False,0.000584710391868859
19,6,6,True,0.01190016826502388
22,7,7,True,0.013946805842040277
24,2,3,False,0.0005796626924106096
27,4,1,False,0.009043173391769743
29,2,3,False,0.0005728998611683744
32,4,4,True,0.00553993392722929
34,2,2,True,0.0005711468760657423
39,7,7,True,0.015854928603354135
42,4,1,False,0.010170303920678636
44,2,3,False,0.0051665387222668
47,4,1,False,0.010050282365946461
49,2,3,False,0.005104812413680659
52,4,4,True,0.006604237188562984
55,2,2,True,0.005084968903222187
58,7,7,True,0.0188351252345475
62,5,5,True,0.028624646504028073
64,2,3,False,0.009613224233576523
67,4,1,False,0.009531620314855965
69,2,3,False,0.006207501957595202
72,4,0,False,0.01225815145529327
74,2,3,False,0.006187743367613768
75,6,3,False,0.03265068642077959
76,4,4,True,0.009443871617900224
78,5,5,True,0.02064784197265987
82,6,6,True,0.023986390872453522
84,2,3,False,0.006224777009502219
87,4,1,False,0.00888877734520735
89,2,3,False,0.002861253986750023
92,4,0,False,0.005498297056193646
94,2,3,False,0.002852081882351115
96,5,5,True,0.018730487048442296
98,0,4,False,0.0012250308493380324
99,7,7,True,0.02720437982483137
100,4,4,True,0.001752123099056202
104,0,3,False,0.00032065336947431633
105,3,4,False,0.0012851783743188516
108,4,2,False,0.0031750724380222306
109,0,3,False,0.00031770077858137014
110,4,4,True,0.001563769060441561
114,0,3,False,0.00031770077858137014
115,4,4,True,0.0004177655559216842
116,0,3,False,0.0005503252060855002
118,5,5,True,0.019968795785721027
119,7,7,True,0.02130198158097199
120,6,6,True,0.028802849066885294
124,3,3,True,0.0024423427291735134
128,4,2,False,0.006942437657169981
129,3,3,True,0.002419834008684868
133,4,4,True,0.0003197555790327433
135,2,3,False,0.0008715143075635201
136,6,3,False,0.02507470988227442
138,7,3,False,0.02410920342419237
139,6,6,True,0.017866839270013812
142,7,7,True,0.01690980201474679
144,3,3,True,0.00027960711483832057
148,4,2,False,0.008181487076948019
149,3,3,True,0.00027705247192000293
153,4,2,False,0.004812410753082086
154,3,2,False,0.00027705247192000293
155,6,2,False,0.01913956820604326
156,4,4,True,0.0037148585787065147
157,6,6,True,0.012278179014409724
159,7,7,True,0.01785360698034902
164,2,3,False,0.0030455414444472695
167,4,1,False,0.004758429993584806
169,2,3,False,0.0030175361265113165
172,4,4,True,0.00403389169004148
177,3,3,True,0.00045734093676030874
178,6,6,True,0.019355951476059147
183,7,7,True,0.024614495716414525
184,3,3,True,0.003985161676413412
188,4,2,False,0.015152506082716899
189,3,3,True,0.0030909201418290455
193,4,2,False,0.010925650471329679
194,3,2,False,0.006385508740260365
195,7,2,False,0.027516232432437282
197,0,3,False,0.0007635918734732738
199,7,7,True,0.01471318348664949
200,4,4,True,0.012466609321543809
204,3,3,True,0.0019707076904853515
208,4,2,False,0.008825758188152483
209,0,3,False,0.0013132275406073646
210,4,4,True,0.0051712394103643755
214,2,2,True,0.001694545891684468
215,6,1,False,0.02776269430461495
216,4,4,True,0.0026960570696953623
217,7,7,True,0.011050762764231947
222,6,6,True,0.013422220432077608
224,2,3,False,0.0005567980338876954
227,4,1,False,0.004336070610933385
229,2,3,False,0.0005516796760756393
232,4,1,False,0.004336070610933385
234,2,3,False,0.0005516796760756393
238,1,4,False,0.0031990176630943556
239,2,4,False,0.000683003440779123
241,7,7,True,0.020800771910680305
242,1,1,True,0.00267679051155012
246,4,0,False,0.0037201078670179855
249,1,3,False,0.0038667028347490473
251,4,0,False,0.0004174395391765562
254,1,2,False,0.0005934332755875016
255,7,2,False,0.02221516972033874
257,5,5,True,0.038143131314891554
258,4,4,True,0.0015166963735244454
261,7,7,True,0.014655738125556345
264,1,3,False,0.003902849845393991
266,4,0,False,0.0070533062169466365
269,1,3,False,0.0008687033160258428
271,4,4,True,0.0031697826609324853
274,1,3,False,0.0008687033160258428
275,7,3,False,0.012062780448528404
277,6,6,True,0.028782372148008495
278,2,4,False,0.0007738302647956052
279,5,5,True,0.027257122982455834
281,7,7,True,0.004203566343370352
282,1,1,True,0.0011171469585707638
286,2,0,False,0.0027640203655692752
287,3,1,False,0.00017626765028164182
288,4,2,False,0.0024869678936492723
289,2,3,False,0.0002768381173203771
292,1,0,False,0.00055389058924038
294,2,0,False,0.0008298710297022505
295,4,1,False,0.004499304449017166
296,7,1,False,0.015481460423365151
297,1,4,False,0.0005953525087626366
298,7,4,False,0.011786833269458896
299,3,4,False,0.0019230733627986218
300,6,6,True,0.02080956299904349
306,4,2,False,0.004817043227861528
313,2,2,True,0.0013586628457776528
314,7,7,True,0.01762345887258779
315,9,0,False,0.03590309019160137
317,8,8,True,0.03591874753971022
323,9,9,True,0.025370803685388438
324,8,8,True,0.030691070068188414
325,4,4,True,0.015883985980857662
327,10,10,True,0.028639168736617676
328,5,5,True,0.031233892983475925
341,2,1,False,0.0008381806656363178
342,9,9,True,0.015320998279442194
343,4,4,True,0.010753927299986588
344,8,1,False,0.017236657260075977
346,6,1,False,0.018924303088326905
347,0,2,False,0.00531518316267901
349,8,8,True,0.02012018675173924
350,6,2,False,0.019064800542053256
352,0,2,False,0.004031928009118585
354,6,6,True,0.014063072861370401
355,0,1,False,0.002828968253386799
356,5,1,False,0.02552992416514735
357,10,10,True,0.02820475475308659
358,5,5,True,0.023704441525194492
370,1,2,False,0.0012437483565456708
371,9,2,False,0.020487601210807505
373,8,2,False,0.016093469284196082
374,6,2,False,0.0073777308362864835
375,9,2,False,0.019224095335872354
376,5,5,True,0.01722361723445992
377,7,7,True,0.021186856581170005
379,9,9,True,0.01201172056378319
380,10,2,False,0.019724649658655474
381,11,11,True,0.027270238420658205
382,2,1,False,0.002069639207594287
383,8,8,True,0.020189241385195483
386,6,6,True,0.01489929502392609
387,10,1,False,0.01802442166882623
389,2,2,True,0.0018343853183464542
400,10,10,True,0.013756788654568752
401,6,0,False,0.015728156570290724
402,4,0,False,0.026769312386171723
403,6,0,False,0.010485380954585483
404,8,0,False,0.0188867376578451
407,6,1,False,0.004679466262443449
408,4,1,False,0.02250619799312109
409,2,1,False,0.014757960629349615
410,5,1,False,0.023474666102748204
411,2,1,False,0.009515579546014868
412,4,1,False,0.017003311512060915
414,7,1,False,0.02309067433996953
415,6,6,True,7.569467675505592e-05
416,4,4,True,0.009680872678684255
417,7,7,True,0.015846874408291467
418,2,1,False,0.006516855678722927
419,5,5,True,0.014107223699106053
423,8,8,True,0.005154812475009041
430,3,1,False,0.0003750669078547153
431,10,1,False,0.019630638920657806
432,5,1,False,0.011672371210293242
433,6,6,True,0.0013703678409368591
434,8,1,False,0.014509804386370728
437,10,0,False,0.0130840964535201
440,5,5,True,0.004003831262747559
441,8,0,False,0.007563938765974054
442,10,10,True,0.009050742242819654
443,9,0,False,0.020016252381914457
444,8,0,False,0.004974538364480918
446,1,3,False,0.0006589913054439456
447,9,9,True,0.015208400597430172
448,11,11,True,0.019339708493936958
449,4,4,True,0.01591112140353451
450,8,8,True,0.002106049905791163
460,3,3,True,0.0050400370791070515
462,10,0,False,0.014135365474936906
463,5,0,False,0.0135432499195976
465,11,11,True,0.022998795268426075
468,10,10,True,0.006124746096308503
469,8,8,True,0.0035022065454577422
470,5,0,False,0.011883553779150458
471,4,0,False,0.01459721502910194
473,9,9,True,0.01608897351606048
474,4,0,False,0.010747887012306667
476,5,5,True,0.011252610453417716
480,4,4,True,0.007462840836795659
491,3,1,False,0.00985214695084563
492,10,1,False,0.011398219272573534
493,8,8,True,0.013946090092824742
494,9,1,False,0.0191032056254877
496,5,1,False,0.002136531842259426
497,7,1,False,0.02011940325746292
498,9,1,False,0.012137601368876039
500,10,10,True,0.007883148616847246
501,11,1,False,0.022488564525367682
503,9,1,False,0.010309805133565997
504,6,1,False,0.019124647943025763
505,5,1,False,0.005168852854202599
506,9,1,False,0.005153149165434245
507,3,1,False,0.007683646211135875
508,9,9,True,0.0011180777642971762
509,7,7,True,0.0124413879497422
513,6,6,True,0.013422103192134494
520,3,2,False,0.0020813649812784774
521,11,2,False,0.010259285962047116
522,1,2,False,0.0036123302162074378
523,4,2,False,0.015518999471770711
524,11,2,False,0.010004254995117978
525,1,2,False,0.005366210015065265
526,4,4,True,0.004788339162407673
528,6,6,True,0.008129685820289001
530,5,9,False,0.0007537229751142793
531,8,9,False,0.0133925259632372
532,9,5,False,0.00493225661979535
533,3,5,False,0.003840561833982903
535,8,5,False,0.008837383774320196
536,11,5,False,0.007142833979692231
538,1,5,False,0.003678247061435158
539,9,9,True,0.005456217818460507
546,5,5,True,0.003806529928663982
550,3,1,False,0.01193053364847002
552,6,1,False,0.016148239268393066
553,3,1,False,0.005829756603096786
554,6,1,False,0.010874161701025953
555,10,1,False,0.017172272870567495
558,3,1,False,5.950948711047621e-05
560,8,1,False,0.012547747222038885
561,10,1,False,0.014184459305088382
562,11,11,True,0.015683747336491194
563,8,1,False,0.012475546987456287
564,10,10,True,0.010347254177046628
565,8,8,True,0.011831965816967327
566,6,6,True,0.008663283768228308
568,4,4,True,0.01482293683770003
580,1,1,True,0.016349568880755366
581,10,2,False,0.011254748099852913
582,8,2,False,0.011533857677393733
583,4,4,True,0.0178898394021611
584,5,2,False,0.018019252337433955
585,10,2,False,0.006669134275069016
586,8,2,False,0.00016345433821834954
587,11,11,True,0.01319669357960268
589,5,5,True,0.011041720737676064
593,3,2,False,0.00013668544273792715
595,7,7,True,0.018310377804306444
597,10,3,False,0.003782735819695876
599,8,3,False,0.00990584872985742
